{"base_lr": 1.5625e-05, "lr": 1.5625e-05, "data_time": 0.1740059494972229, "grad_norm": 8.36124608516693, "loss": 0.7002340704202652, "top1_acc": 1.0, "top5_acc": 1.0, "loss_cls": 0.7002340704202652, "time": 0.306679892539978, "epoch": 1, "iter": 20, "memory": 1179, "step": 20}
{"base_lr": 1.5625e-05, "lr": 1.5625e-05, "data_time": 0.17815688848495484, "grad_norm": 7.835252666473389, "loss": 0.6676427528262139, "top1_acc": 1.0, "top5_acc": 1.0, "loss_cls": 0.6676427528262139, "time": 0.2327551007270813, "epoch": 1, "iter": 40, "memory": 1179, "step": 40}
{"base_lr": 1.5625e-05, "lr": 1.5625e-05, "data_time": 0.16131707429885864, "grad_norm": 8.318429136276245, "loss": 0.7456023052334786, "top1_acc": 1.0, "top5_acc": 1.0, "loss_cls": 0.7456023052334786, "time": 0.21432842016220094, "epoch": 1, "iter": 60, "memory": 1179, "step": 60}
{"base_lr": 1.5625e-05, "lr": 1.5625e-05, "data_time": 0.146345055103302, "grad_norm": 8.104915285110474, "loss": 0.6814970046281814, "top1_acc": 0.0, "top5_acc": 1.0, "loss_cls": 0.6814970046281814, "time": 0.19871495962142943, "epoch": 1, "iter": 80, "memory": 1179, "step": 80}
